idSchool,username,password,name,phoneNumber,email
LA0102-190201,nguyen.vuong.190201@LA0102,vtn,Vương Thảo Nguyên,934565533,nguyen.vuong1902060@gmail.com
LA0102-190202,thai.le.190202@LA0102,vtn,Lê Quang Thái,934567833,thaileisme@gmail.com
LA0102-190203,ktuyt.190203@LA0102,vtn,K'tuyt,934567833,ktuyt@gmail.com
LA0102-190204,giang.nguyen.190204@LA0102,vtn,Nguyễn Tấn Thanh Giang,934567833,nguyen.giang@gmail.com
LA0102-180201,hoang.dao.180201@LA0102,vtn,Đào Văn Ngọc Hoàng,4409678334,hoang.dao@gmail.com
LA0102-180202,tuan.tran.180202@LA0102,vtn,Trần Triệu Tuân,4409678334,tuan.tran@gmail.com
LA0102-180203,vu.nguyen.180203@LA0102,vtn,Châu Hoài Vũ,123,vu@gmail.com
LA0102-180204,nam.nguyen.180204@LA0102,vtn,Nguyễn Đức Nam,123,nam@gmail.com