idSchool,username,password,name,major,phoneNumber,email
LA0102-T12001,dung.cao.t12001@LA0102,vtn,Cao Tiến Dũng,KHMT,987111122,dung.cao@gmail.com
LA0102-T13220,khanh.tran.t13220@LA0102,vtn,Trần Vũ Khanh,Toán học,934565533,khanh.tran@gmail.com
LA0102-T15022,hien.tran.t15022@LA0102,vtn,Trần Duy Hiến,Toán học,934567833,hien.tran@gmail.com
LA0102-T19222,dung.duong.t19222@LA0102,vtn,Dũng Dương,Toán,934567833,dung.duong@gmail.com
LA0102-T18553,fransico.roma.t18553@LA0102,vtn,Fransico Roma,Business,934567833,roma.fransico@gmail.com
LA0102-T12111,jonathan.lankford.t12111@LA0102,vtn,Jonathan Lankford,SHL,4409678334,jonathan.lankford@gmail.com